,Terms,Definitions
0,albedo,"A measure of the proportion of the total solar radiation received by an astronomical body, such as a planet, that is diffusely reflected away from the body. It is a dimensionless quantity typically measured on a scale from 0 (indicating total absorption of all incident radiation, as by a black body) to 1 (indicating total reflection). "
1,barycenter,"The common center of mass about which any two or more bodies of a gravitationally bound system orbit. The barycenter is one of the foci of the elliptical orbit of each body participating in the system; its location is strongly influenced by the mass of each body and the distances between them. For example, in a planetary system where the mass of the central star is significantly larger than the mass of an orbiting planet, the barycenter may actually be located within the radius of the star, such that the planet appears to orbit the star itself, though both bodies actually orbit the shared barycenter."
2,baryogenesis,"The process by which the class of subatomic particles known as baryons were generated in the early Universe, including the means by which baryons outnumber antibaryons."
3,centaur,"A small Solar System body with either a perihelion or a semi-major axis between those of the outer planets, i.e. generally inward of the Kuiper belt but beyond the Jupiter trojans. Centaurs are cis-Neptunian objects that typically exhibit characteristics of both asteroids and comets, and generally also have unstable orbits because they cross the orbits of one or more of the giant planets."
4,declination,"In the equatorial coordinate system, the celestial equivalent of terrestrial latitude. Coordinates north of the celestial equator are measured in positive degrees from 0° to 90°, while coordinates to the south are measured in negative degrees. See also right ascension."
5,facula,"A bright spot on a star's photosphere formed by concentrations of magnetic field lines. For the Sun in particular, faculae are most readily observed near the solar limb. An increase in faculae as a result of a stellar cycle increases the star's total irradiance."
6,geocentric,"Centered upon the Earth, e.g. a geocentric orbit."
7,heliosphere,"The vast, bubble-like cavity in the interstellar medium which surrounds and is created by the plasma emanating from the Earth's Sun. The heliosphere encompasses the entirety of the Solar System and a vast region of space beyond it. Its outer limit is often considered the boundary between matter originating from the Sun and matter originating from the rest of the galaxy."
8,libration,"A slight oscillating motion of the Moon as seen from the Earth, a result of the Moon's elliptical orbit. It can allow normally hidden parts of the Moon's far side to be visible along the limbs of the lunar disk."
9,magnetosphere,"A mostly convex region formed when a plasma, such as the solar wind, interacts with the magnetic field of a body, such as a planet or star."
10,magnitude,"A numerical logarithmic scale indicating the brightness of an astronomical object, where the lower the value, the brighter the object. By convention, a first magnitude star is 100 times as bright as a sixth magnitude star. Magnitude 6 is considered the lower limit of objects that can be seen with the naked eye, although this can vary depending on seeing conditions and eyesight."
11,micrometeoroid,"A very small meteoroid, usually weighing less than one gram. If it survives to reach a planetary surface, it is then termed a micrometeorite."
12,microvariable,"A stellar object such as a variable star that undergoes very small variations in luminosity, in which the amplitude of the fluctuations amounts to just a few thousandths of a magnitude. Detecting microvariability typically requires a sufficient number of observations to rule out random error as a source.[16]"
13,occultation,"A celestial event that occurs when a distant astronomical body or object is hidden by another, nearer body or object that passes between it and the observer, thereby blocking the first object from view. Solar and lunar eclipses are specific types of occultations."
14,perihelion,The point at which a body orbiting the Earth's Sun is closest to the Sun. Contrast aphelion.
15,perturbation,"The complex motion of an astronomical body that is subject to forces other than the gravitational attraction of its primary alone, or any force which complicates the orbital characteristics of the body such that the idealized Kepler orbit of the two-body problem is not an accurate representation of the body's actual orbit. Perturbing forces may include the gravitational forces exerted by any number of additional bodies, the off-center gravitational forces which are consequences of bodies not being perfectly spherical, and/or atmospheric resistance."
16,quasar,"A distant, point-like energy source originating from a powerful active galactic nucleus. Its luminosity is generated by the accretion of gas onto a supermassive black hole. Quasars emit radiation across the electromagnetic spectrum from radio waves to X-rays, and their ultraviolet and optical spectra are characterized by strong, broad emission lines."
17,universe,"1.  The entirety of space and time and their contents, including galaxies, stars, planets, all other forms of matter and energy, and the physical laws and constants that describe them. When not otherwise qualified, ""the Universe"" usually refers to the entire Universe, whose spatial extent is unknown because it is not directly measurable; this is distinguished from the observable universe, whose size it is possible to measure."
18,zenith,The point in the sky that is directly overhead from the perspective of a particular location on the Earth.
19,aphelion,The point at which a body orbiting the Earth's Sun is furthest from the Sun.
20,apoapsis,The point at which an orbiting body is furthest from its primary.
21,apogee,The point at which a body orbiting the Earth (such as the Moon or an artificial satellite) is furthest from the Earth.
22,appulse,"The closest approach of one celestial object to another, as viewed from a third body."
23,asterism,Any pattern of stars recognizable in Earth's night sky.
24,asteroid,A minor planet of the inner Solar System
25,astrometry,The branch of astronomy that involves precise measurements of the positions and movements of stars and other celestial bodies.
